source,plot_family,contrast,scope,figure,requested_genes,plotted_genes,missing_genes,segment_filter,segment_label,contrast_label,disease_status_levels,boxplot_x_column,boxplot_color_column,boxplot_facet_column,samples_plotted,output_pdf,output_png,status,reason
top_genes:Acinar_Healthy - (Acinar_Tumor + ADM_Healthy + Duct_Healthy + Duct_Tumor + Glandular_Tumor_Tumor + PanIN_Healthy + PanIN_Tumor + PoorlyDiffTumor_Tumor)/8:all_samples,top_genes,Acinar_Healthy - (Acinar_Tumor + ADM_Healthy + Duct_Healthy + Duct_Tumor + Glandular_Tumor_Tumor + PanIN_Healthy + PanIN_Tumor + PoorlyDiffTumor_Tumor)/8,all_samples,top_genes_limma_trend_GeoDiff_Acinar_Healthy_-_Acinar_T_01737539,10,10,0,<none>,All matched samples,Contrast 01: Acinar_Healthy vs NonAcinar_Healthy,Healthy; Tumor,cell_type,disease_status,<none>,276,C:/R/gmx/Example_Dataset/Outputs/6_DE_Vis/figures/de/top/all/top_genes_limma_trend_GeoDiff_Acinar_Healthy_-_Acinar_T_01737539.pdf,C:/R/gmx/Example_Dataset/Outputs/6_DE_Vis/figures/de/top/all/top_genes_limma_trend_GeoDiff_Acinar_Healthy_-_Acinar_T_01737539.png,plotted,"All matched samples panel generated before segment-specific tabs. Samples were restricted to the Stage 5 contrast arms 'Acinar_Healthy' and 'NonAcinar_Healthy'. Boxes use the configured 'cell_type' metadata column and points use the configured 'disease_status' metadata column. For one-vs-rest contrasts, the denominator arm aggregates the denominator terms recorded in contrast_table_expanded.tsv. Generated."
top_genes:Acinar_Healthy - (Acinar_Tumor + ADM_Healthy + Duct_Healthy + Duct_Tumor + Glandular_Tumor_Tumor + PanIN_Healthy + PanIN_Tumor + PoorlyDiffTumor_Tumor)/8:Panck,top_genes,Acinar_Healthy - (Acinar_Tumor + ADM_Healthy + Duct_Healthy + Duct_Tumor + Glandular_Tumor_Tumor + PanIN_Healthy + PanIN_Tumor + PoorlyDiffTumor_Tumor)/8,segment_filtered,top_genes_limma_trend_GeoDiff_Acinar_Healthy_-_Acinar_T_01608346,10,10,0,^Panck$,Panck,Contrast 01: Acinar_Healthy vs NonAcinar_Healthy,Healthy,cell_type,disease_status,<none>,94,C:/R/gmx/Example_Dataset/Outputs/6_DE_Vis/figures/de/top/segment/top_genes_limma_trend_GeoDiff_Acinar_Healthy_-_Acinar_T_01608346.pdf,C:/R/gmx/Example_Dataset/Outputs/6_DE_Vis/figures/de/top/segment/top_genes_limma_trend_GeoDiff_Acinar_Healthy_-_Acinar_T_01608346.png,plotted,Segment tab generated from metadata column 'segment'. Generated.
top_genes:Acinar_Healthy - (Acinar_Tumor + ADM_Healthy + Duct_Healthy + Duct_Tumor + Glandular_Tumor_Tumor + PanIN_Healthy + PanIN_Tumor + PoorlyDiffTumor_Tumor)/8:Panck-(Stroma),top_genes,Acinar_Healthy - (Acinar_Tumor + ADM_Healthy + Duct_Healthy + Duct_Tumor + Glandular_Tumor_Tumor + PanIN_Healthy + PanIN_Tumor + PoorlyDiffTumor_Tumor)/8,segment_filtered,top_genes_limma_trend_GeoDiff_Acinar_Healthy_-_Acinar_T_01755212,10,10,0,^Panck-\(Stroma\)$,Panck-(Stroma),Contrast 01: Acinar_Healthy vs NonAcinar_Healthy,Tumor,cell_type,disease_status,<none>,28,C:/R/gmx/Example_Dataset/Outputs/6_DE_Vis/figures/de/top/segment/top_genes_limma_trend_GeoDiff_Acinar_Healthy_-_Acinar_T_01755212.pdf,C:/R/gmx/Example_Dataset/Outputs/6_DE_Vis/figures/de/top/segment/top_genes_limma_trend_GeoDiff_Acinar_Healthy_-_Acinar_T_01755212.png,plotted,Segment tab generated from metadata column 'segment'. Generated.
top_genes:Acinar_Healthy - (Acinar_Tumor + ADM_Healthy + Duct_Healthy + Duct_Tumor + Glandular_Tumor_Tumor + PanIN_Healthy + PanIN_Tumor + PoorlyDiffTumor_Tumor)/8:Panck Cd45 Negative,top_genes,Acinar_Healthy - (Acinar_Tumor + ADM_Healthy + Duct_Healthy + Duct_Tumor + Glandular_Tumor_Tumor + PanIN_Healthy + PanIN_Tumor + PoorlyDiffTumor_Tumor)/8,segment_filtered,top_genes_limma_trend_GeoDiff_Acinar_Healthy_-_Acinar_T_01836507,10,10,0,^Panck Cd45 Negative$,Panck Cd45 Negative,Contrast 01: Acinar_Healthy vs NonAcinar_Healthy,Healthy,cell_type,disease_status,<none>,20,C:/R/gmx/Example_Dataset/Outputs/6_DE_Vis/figures/de/top/segment/top_genes_limma_trend_GeoDiff_Acinar_Healthy_-_Acinar_T_01836507.pdf,C:/R/gmx/Example_Dataset/Outputs/6_DE_Vis/figures/de/top/segment/top_genes_limma_trend_GeoDiff_Acinar_Healthy_-_Acinar_T_01836507.png,plotted,Segment tab generated from metadata column 'segment'. Generated.
top_genes:Acinar_Healthy - (Acinar_Tumor + ADM_Healthy + Duct_Healthy + Duct_Tumor + Glandular_Tumor_Tumor + PanIN_Healthy + PanIN_Tumor + PoorlyDiffTumor_Tumor)/8:Panck+(Epi),top_genes,Acinar_Healthy - (Acinar_Tumor + ADM_Healthy + Duct_Healthy + Duct_Tumor + Glandular_Tumor_Tumor + PanIN_Healthy + PanIN_Tumor + PoorlyDiffTumor_Tumor)/8,segment_filtered,top_genes_limma_trend_GeoDiff_Acinar_Healthy_-_Acinar_T_01687385,10,10,0,^Panck\+\(Epi\)$,Panck+(Epi),Contrast 01: Acinar_Healthy vs NonAcinar_Healthy,Tumor,cell_type,disease_status,<none>,68,C:/R/gmx/Example_Dataset/Outputs/6_DE_Vis/figures/de/top/segment/top_genes_limma_trend_GeoDiff_Acinar_Healthy_-_Acinar_T_01687385.pdf,C:/R/gmx/Example_Dataset/Outputs/6_DE_Vis/figures/de/top/segment/top_genes_limma_trend_GeoDiff_Acinar_Healthy_-_Acinar_T_01687385.png,plotted,Segment tab generated from metadata column 'segment'. Generated.
top_genes:Acinar_Healthy - (Acinar_Tumor + ADM_Healthy + Duct_Healthy + Duct_Tumor + Glandular_Tumor_Tumor + PanIN_Healthy + PanIN_Tumor + PoorlyDiffTumor_Tumor)/8:Panck+(Epithelial),top_genes,Acinar_Healthy - (Acinar_Tumor + ADM_Healthy + Duct_Healthy + Duct_Tumor + Glandular_Tumor_Tumor + PanIN_Healthy + PanIN_Tumor + PoorlyDiffTumor_Tumor)/8,segment_filtered,top_genes_limma_trend_GeoDiff_Acinar_Healthy_-_Acinar_T_01833960,10,10,0,^Panck\+\(Epithelial\)$,Panck+(Epithelial),Contrast 01: Acinar_Healthy vs NonAcinar_Healthy,Tumor,cell_type,disease_status,<none>,66,C:/R/gmx/Example_Dataset/Outputs/6_DE_Vis/figures/de/top/segment/top_genes_limma_trend_GeoDiff_Acinar_Healthy_-_Acinar_T_01833960.pdf,C:/R/gmx/Example_Dataset/Outputs/6_DE_Vis/figures/de/top/segment/top_genes_limma_trend_GeoDiff_Acinar_Healthy_-_Acinar_T_01833960.png,plotted,Segment tab generated from metadata column 'segment'. Generated.
top_genes:Acinar_Tumor - (Acinar_Healthy + ADM_Healthy + Duct_Healthy + Duct_Tumor + Glandular_Tumor_Tumor + PanIN_Healthy + PanIN_Tumor + PoorlyDiffTumor_Tumor)/8:all_samples,top_genes,Acinar_Tumor - (Acinar_Healthy + ADM_Healthy + Duct_Healthy + Duct_Tumor + Glandular_Tumor_Tumor + PanIN_Healthy + PanIN_Tumor + PoorlyDiffTumor_Tumor)/8,all_samples,top_genes_limma_trend_GeoDiff_Acinar_Tumor_-_Acinar_Hea_01737745,10,10,0,<none>,All matched samples,Contrast 02: Acinar_Tumor vs NonAcinar_Tumor,Healthy; Tumor,cell_type,disease_status,<none>,276,C:/R/gmx/Example_Dataset/Outputs/6_DE_Vis/figures/de/top/all/top_genes_limma_trend_GeoDiff_Acinar_Tumor_-_Acinar_Hea_01737745.pdf,C:/R/gmx/Example_Dataset/Outputs/6_DE_Vis/figures/de/top/all/top_genes_limma_trend_GeoDiff_Acinar_Tumor_-_Acinar_Hea_01737745.png,plotted,"All matched samples panel generated before segment-specific tabs. Samples were restricted to the Stage 5 contrast arms 'Acinar_Tumor' and 'NonAcinar_Tumor'. Boxes use the configured 'cell_type' metadata column and points use the configured 'disease_status' metadata column. For one-vs-rest contrasts, the denominator arm aggregates the denominator terms recorded in contrast_table_expanded.tsv. Generated."
top_genes:Acinar_Tumor - (Acinar_Healthy + ADM_Healthy + Duct_Healthy + Duct_Tumor + Glandular_Tumor_Tumor + PanIN_Healthy + PanIN_Tumor + PoorlyDiffTumor_Tumor)/8:Panck,top_genes,Acinar_Tumor - (Acinar_Healthy + ADM_Healthy + Duct_Healthy + Duct_Tumor + Glandular_Tumor_Tumor + PanIN_Healthy + PanIN_Tumor + PoorlyDiffTumor_Tumor)/8,segment_filtered,top_genes_limma_trend_GeoDiff_Acinar_Tumor_-_Acinar_Hea_01608552,10,10,0,^Panck$,Panck,Contrast 02: Acinar_Tumor vs NonAcinar_Tumor,Healthy,cell_type,disease_status,<none>,94,C:/R/gmx/Example_Dataset/Outputs/6_DE_Vis/figures/de/top/segment/top_genes_limma_trend_GeoDiff_Acinar_Tumor_-_Acinar_Hea_01608552.pdf,C:/R/gmx/Example_Dataset/Outputs/6_DE_Vis/figures/de/top/segment/top_genes_limma_trend_GeoDiff_Acinar_Tumor_-_Acinar_Hea_01608552.png,plotted,Segment tab generated from metadata column 'segment'. Generated.
top_genes:Acinar_Tumor - (Acinar_Healthy + ADM_Healthy + Duct_Healthy + Duct_Tumor + Glandular_Tumor_Tumor + PanIN_Healthy + PanIN_Tumor + PoorlyDiffTumor_Tumor)/8:Panck-(Stroma),top_genes,Acinar_Tumor - (Acinar_Healthy + ADM_Healthy + Duct_Healthy + Duct_Tumor + Glandular_Tumor_Tumor + PanIN_Healthy + PanIN_Tumor + PoorlyDiffTumor_Tumor)/8,segment_filtered,top_genes_limma_trend_GeoDiff_Acinar_Tumor_-_Acinar_Hea_01755418,10,10,0,^Panck-\(Stroma\)$,Panck-(Stroma),Contrast 02: Acinar_Tumor vs NonAcinar_Tumor,Tumor,cell_type,disease_status,<none>,28,C:/R/gmx/Example_Dataset/Outputs/6_DE_Vis/figures/de/top/segment/top_genes_limma_trend_GeoDiff_Acinar_Tumor_-_Acinar_Hea_01755418.pdf,C:/R/gmx/Example_Dataset/Outputs/6_DE_Vis/figures/de/top/segment/top_genes_limma_trend_GeoDiff_Acinar_Tumor_-_Acinar_Hea_01755418.png,plotted,Segment tab generated from metadata column 'segment'. Generated.
top_genes:Acinar_Tumor - (Acinar_Healthy + ADM_Healthy + Duct_Healthy + Duct_Tumor + Glandular_Tumor_Tumor + PanIN_Healthy + PanIN_Tumor + PoorlyDiffTumor_Tumor)/8:Panck Cd45 Negative,top_genes,Acinar_Tumor - (Acinar_Healthy + ADM_Healthy + Duct_Healthy + Duct_Tumor + Glandular_Tumor_Tumor + PanIN_Healthy + PanIN_Tumor + PoorlyDiffTumor_Tumor)/8,segment_filtered,top_genes_limma_trend_GeoDiff_Acinar_Tumor_-_Acinar_Hea_01836713,10,10,0,^Panck Cd45 Negative$,Panck Cd45 Negative,Contrast 02: Acinar_Tumor vs NonAcinar_Tumor,Healthy,cell_type,disease_status,<none>,20,C:/R/gmx/Example_Dataset/Outputs/6_DE_Vis/figures/de/top/segment/top_genes_limma_trend_GeoDiff_Acinar_Tumor_-_Acinar_Hea_01836713.pdf,C:/R/gmx/Example_Dataset/Outputs/6_DE_Vis/figures/de/top/segment/top_genes_limma_trend_GeoDiff_Acinar_Tumor_-_Acinar_Hea_01836713.png,plotted,Segment tab generated from metadata column 'segment'. Generated.
top_genes:Acinar_Tumor - (Acinar_Healthy + ADM_Healthy + Duct_Healthy + Duct_Tumor + Glandular_Tumor_Tumor + PanIN_Healthy + PanIN_Tumor + PoorlyDiffTumor_Tumor)/8:Panck+(Epi),top_genes,Acinar_Tumor - (Acinar_Healthy + ADM_Healthy + Duct_Healthy + Duct_Tumor + Glandular_Tumor_Tumor + PanIN_Healthy + PanIN_Tumor + PoorlyDiffTumor_Tumor)/8,segment_filtered,top_genes_limma_trend_GeoDiff_Acinar_Tumor_-_Acinar_Hea_01687591,10,10,0,^Panck\+\(Epi\)$,Panck+(Epi),Contrast 02: Acinar_Tumor vs NonAcinar_Tumor,Tumor,cell_type,disease_status,<none>,68,C:/R/gmx/Example_Dataset/Outputs/6_DE_Vis/figures/de/top/segment/top_genes_limma_trend_GeoDiff_Acinar_Tumor_-_Acinar_Hea_01687591.pdf,C:/R/gmx/Example_Dataset/Outputs/6_DE_Vis/figures/de/top/segment/top_genes_limma_trend_GeoDiff_Acinar_Tumor_-_Acinar_Hea_01687591.png,plotted,Segment tab generated from metadata column 'segment'. Generated.
top_genes:Acinar_Tumor - (Acinar_Healthy + ADM_Healthy + Duct_Healthy + Duct_Tumor + Glandular_Tumor_Tumor + PanIN_Healthy + PanIN_Tumor + PoorlyDiffTumor_Tumor)/8:Panck+(Epithelial),top_genes,Acinar_Tumor - (Acinar_Healthy + ADM_Healthy + Duct_Healthy + Duct_Tumor + Glandular_Tumor_Tumor + PanIN_Healthy + PanIN_Tumor + PoorlyDiffTumor_Tumor)/8,segment_filtered,top_genes_limma_trend_GeoDiff_Acinar_Tumor_-_Acinar_Hea_01834166,10,10,0,^Panck\+\(Epithelial\)$,Panck+(Epithelial),Contrast 02: Acinar_Tumor vs NonAcinar_Tumor,Tumor,cell_type,disease_status,<none>,66,C:/R/gmx/Example_Dataset/Outputs/6_DE_Vis/figures/de/top/segment/top_genes_limma_trend_GeoDiff_Acinar_Tumor_-_Acinar_Hea_01834166.pdf,C:/R/gmx/Example_Dataset/Outputs/6_DE_Vis/figures/de/top/segment/top_genes_limma_trend_GeoDiff_Acinar_Tumor_-_Acinar_Hea_01834166.png,plotted,Segment tab generated from metadata column 'segment'. Generated.
top_genes:ADM_Healthy - (Acinar_Healthy + Acinar_Tumor + Duct_Healthy + Duct_Tumor + Glandular_Tumor_Tumor + PanIN_Healthy + PanIN_Tumor + PoorlyDiffTumor_Tumor)/8:all_samples,top_genes,ADM_Healthy - (Acinar_Healthy + Acinar_Tumor + Duct_Healthy + Duct_Tumor + Glandular_Tumor_Tumor + PanIN_Healthy + PanIN_Tumor + PoorlyDiffTumor_Tumor)/8,all_samples,top_genes_limma_trend_GeoDiff_ADM_Healthy_-_Acinar_Heal_01741333,10,10,0,<none>,All matched samples,Contrast 03: ADM_Healthy vs NonADM_Healthy,Healthy; Tumor,cell_type,disease_status,<none>,276,C:/R/gmx/Example_Dataset/Outputs/6_DE_Vis/figures/de/top/all/top_genes_limma_trend_GeoDiff_ADM_Healthy_-_Acinar_Heal_01741333.pdf,C:/R/gmx/Example_Dataset/Outputs/6_DE_Vis/figures/de/top/all/top_genes_limma_trend_GeoDiff_ADM_Healthy_-_Acinar_Heal_01741333.png,plotted,"All matched samples panel generated before segment-specific tabs. Samples were restricted to the Stage 5 contrast arms 'ADM_Healthy' and 'NonADM_Healthy'. Boxes use the configured 'cell_type' metadata column and points use the configured 'disease_status' metadata column. For one-vs-rest contrasts, the denominator arm aggregates the denominator terms recorded in contrast_table_expanded.tsv. Generated."
top_genes:ADM_Healthy - (Acinar_Healthy + Acinar_Tumor + Duct_Healthy + Duct_Tumor + Glandular_Tumor_Tumor + PanIN_Healthy + PanIN_Tumor + PoorlyDiffTumor_Tumor)/8:Panck,top_genes,ADM_Healthy - (Acinar_Healthy + Acinar_Tumor + Duct_Healthy + Duct_Tumor + Glandular_Tumor_Tumor + PanIN_Healthy + PanIN_Tumor + PoorlyDiffTumor_Tumor)/8,segment_filtered,top_genes_limma_trend_GeoDiff_ADM_Healthy_-_Acinar_Heal_01612140,10,10,0,^Panck$,Panck,Contrast 03: ADM_Healthy vs NonADM_Healthy,Healthy,cell_type,disease_status,<none>,94,C:/R/gmx/Example_Dataset/Outputs/6_DE_Vis/figures/de/top/segment/top_genes_limma_trend_GeoDiff_ADM_Healthy_-_Acinar_Heal_01612140.pdf,C:/R/gmx/Example_Dataset/Outputs/6_DE_Vis/figures/de/top/segment/top_genes_limma_trend_GeoDiff_ADM_Healthy_-_Acinar_Heal_01612140.png,plotted,Segment tab generated from metadata column 'segment'. Generated.
top_genes:ADM_Healthy - (Acinar_Healthy + Acinar_Tumor + Duct_Healthy + Duct_Tumor + Glandular_Tumor_Tumor + PanIN_Healthy + PanIN_Tumor + PoorlyDiffTumor_Tumor)/8:Panck-(Stroma),top_genes,ADM_Healthy - (Acinar_Healthy + Acinar_Tumor + Duct_Healthy + Duct_Tumor + Glandular_Tumor_Tumor + PanIN_Healthy + PanIN_Tumor + PoorlyDiffTumor_Tumor)/8,segment_filtered,top_genes_limma_trend_GeoDiff_ADM_Healthy_-_Acinar_Heal_01759006,10,10,0,^Panck-\(Stroma\)$,Panck-(Stroma),Contrast 03: ADM_Healthy vs NonADM_Healthy,Tumor,cell_type,disease_status,<none>,28,C:/R/gmx/Example_Dataset/Outputs/6_DE_Vis/figures/de/top/segment/top_genes_limma_trend_GeoDiff_ADM_Healthy_-_Acinar_Heal_01759006.pdf,C:/R/gmx/Example_Dataset/Outputs/6_DE_Vis/figures/de/top/segment/top_genes_limma_trend_GeoDiff_ADM_Healthy_-_Acinar_Heal_01759006.png,plotted,Segment tab generated from metadata column 'segment'. Generated.
top_genes:ADM_Healthy - (Acinar_Healthy + Acinar_Tumor + Duct_Healthy + Duct_Tumor + Glandular_Tumor_Tumor + PanIN_Healthy + PanIN_Tumor + PoorlyDiffTumor_Tumor)/8:Panck Cd45 Negative,top_genes,ADM_Healthy - (Acinar_Healthy + Acinar_Tumor + Duct_Healthy + Duct_Tumor + Glandular_Tumor_Tumor + PanIN_Healthy + PanIN_Tumor + PoorlyDiffTumor_Tumor)/8,segment_filtered,top_genes_limma_trend_GeoDiff_ADM_Healthy_-_Acinar_Heal_01840301,10,10,0,^Panck Cd45 Negative$,Panck Cd45 Negative,Contrast 03: ADM_Healthy vs NonADM_Healthy,Healthy,cell_type,disease_status,<none>,20,C:/R/gmx/Example_Dataset/Outputs/6_DE_Vis/figures/de/top/segment/top_genes_limma_trend_GeoDiff_ADM_Healthy_-_Acinar_Heal_01840301.pdf,C:/R/gmx/Example_Dataset/Outputs/6_DE_Vis/figures/de/top/segment/top_genes_limma_trend_GeoDiff_ADM_Healthy_-_Acinar_Heal_01840301.png,plotted,Segment tab generated from metadata column 'segment'. Generated.
top_genes:ADM_Healthy - (Acinar_Healthy + Acinar_Tumor + Duct_Healthy + Duct_Tumor + Glandular_Tumor_Tumor + PanIN_Healthy + PanIN_Tumor + PoorlyDiffTumor_Tumor)/8:Panck+(Epi),top_genes,ADM_Healthy - (Acinar_Healthy + Acinar_Tumor + Duct_Healthy + Duct_Tumor + Glandular_Tumor_Tumor + PanIN_Healthy + PanIN_Tumor + PoorlyDiffTumor_Tumor)/8,segment_filtered,top_genes_limma_trend_GeoDiff_ADM_Healthy_-_Acinar_Heal_01691179,10,10,0,^Panck\+\(Epi\)$,Panck+(Epi),Contrast 03: ADM_Healthy vs NonADM_Healthy,Tumor,cell_type,disease_status,<none>,68,C:/R/gmx/Example_Dataset/Outputs/6_DE_Vis/figures/de/top/segment/top_genes_limma_trend_GeoDiff_ADM_Healthy_-_Acinar_Heal_01691179.pdf,C:/R/gmx/Example_Dataset/Outputs/6_DE_Vis/figures/de/top/segment/top_genes_limma_trend_GeoDiff_ADM_Healthy_-_Acinar_Heal_01691179.png,plotted,Segment tab generated from metadata column 'segment'. Generated.
top_genes:ADM_Healthy - (Acinar_Healthy + Acinar_Tumor + Duct_Healthy + Duct_Tumor + Glandular_Tumor_Tumor + PanIN_Healthy + PanIN_Tumor + PoorlyDiffTumor_Tumor)/8:Panck+(Epithelial),top_genes,ADM_Healthy - (Acinar_Healthy + Acinar_Tumor + Duct_Healthy + Duct_Tumor + Glandular_Tumor_Tumor + PanIN_Healthy + PanIN_Tumor + PoorlyDiffTumor_Tumor)/8,segment_filtered,top_genes_limma_trend_GeoDiff_ADM_Healthy_-_Acinar_Heal_01837754,10,10,0,^Panck\+\(Epithelial\)$,Panck+(Epithelial),Contrast 03: ADM_Healthy vs NonADM_Healthy,Tumor,cell_type,disease_status,<none>,66,C:/R/gmx/Example_Dataset/Outputs/6_DE_Vis/figures/de/top/segment/top_genes_limma_trend_GeoDiff_ADM_Healthy_-_Acinar_Heal_01837754.pdf,C:/R/gmx/Example_Dataset/Outputs/6_DE_Vis/figures/de/top/segment/top_genes_limma_trend_GeoDiff_ADM_Healthy_-_Acinar_Heal_01837754.png,plotted,Segment tab generated from metadata column 'segment'. Generated.
top_genes:Duct_Healthy - (Acinar_Healthy + Acinar_Tumor + ADM_Healthy + Duct_Tumor + Glandular_Tumor_Tumor + PanIN_Healthy + PanIN_Tumor + PoorlyDiffTumor_Tumor)/8:all_samples,top_genes,Duct_Healthy - (Acinar_Healthy + Acinar_Tumor + ADM_Healthy + Duct_Tumor + Glandular_Tumor_Tumor + PanIN_Healthy + PanIN_Tumor + PoorlyDiffTumor_Tumor)/8,all_samples,top_genes_limma_trend_GeoDiff_Duct_Healthy_-_Acinar_Hea_01736414,10,10,0,<none>,All matched samples,Contrast 04: Duct_Healthy vs NonDuct_Healthy,Healthy; Tumor,cell_type,disease_status,<none>,276,C:/R/gmx/Example_Dataset/Outputs/6_DE_Vis/figures/de/top/all/top_genes_limma_trend_GeoDiff_Duct_Healthy_-_Acinar_Hea_01736414.pdf,C:/R/gmx/Example_Dataset/Outputs/6_DE_Vis/figures/de/top/all/top_genes_limma_trend_GeoDiff_Duct_Healthy_-_Acinar_Hea_01736414.png,plotted,"All matched samples panel generated before segment-specific tabs. Samples were restricted to the Stage 5 contrast arms 'Duct_Healthy' and 'NonDuct_Healthy'. Boxes use the configured 'cell_type' metadata column and points use the configured 'disease_status' metadata column. For one-vs-rest contrasts, the denominator arm aggregates the denominator terms recorded in contrast_table_expanded.tsv. Generated."
top_genes:Duct_Healthy - (Acinar_Healthy + Acinar_Tumor + ADM_Healthy + Duct_Tumor + Glandular_Tumor_Tumor + PanIN_Healthy + PanIN_Tumor + PoorlyDiffTumor_Tumor)/8:Panck,top_genes,Duct_Healthy - (Acinar_Healthy + Acinar_Tumor + ADM_Healthy + Duct_Tumor + Glandular_Tumor_Tumor + PanIN_Healthy + PanIN_Tumor + PoorlyDiffTumor_Tumor)/8,segment_filtered,top_genes_limma_trend_GeoDiff_Duct_Healthy_-_Acinar_Hea_01607221,10,10,0,^Panck$,Panck,Contrast 04: Duct_Healthy vs NonDuct_Healthy,Healthy,cell_type,disease_status,<none>,94,C:/R/gmx/Example_Dataset/Outputs/6_DE_Vis/figures/de/top/segment/top_genes_limma_trend_GeoDiff_Duct_Healthy_-_Acinar_Hea_01607221.pdf,C:/R/gmx/Example_Dataset/Outputs/6_DE_Vis/figures/de/top/segment/top_genes_limma_trend_GeoDiff_Duct_Healthy_-_Acinar_Hea_01607221.png,plotted,Segment tab generated from metadata column 'segment'. Generated.
top_genes:Duct_Healthy - (Acinar_Healthy + Acinar_Tumor + ADM_Healthy + Duct_Tumor + Glandular_Tumor_Tumor + PanIN_Healthy + PanIN_Tumor + PoorlyDiffTumor_Tumor)/8:Panck-(Stroma),top_genes,Duct_Healthy - (Acinar_Healthy + Acinar_Tumor + ADM_Healthy + Duct_Tumor + Glandular_Tumor_Tumor + PanIN_Healthy + PanIN_Tumor + PoorlyDiffTumor_Tumor)/8,segment_filtered,top_genes_limma_trend_GeoDiff_Duct_Healthy_-_Acinar_Hea_01754087,10,10,0,^Panck-\(Stroma\)$,Panck-(Stroma),Contrast 04: Duct_Healthy vs NonDuct_Healthy,Tumor,cell_type,disease_status,<none>,28,C:/R/gmx/Example_Dataset/Outputs/6_DE_Vis/figures/de/top/segment/top_genes_limma_trend_GeoDiff_Duct_Healthy_-_Acinar_Hea_01754087.pdf,C:/R/gmx/Example_Dataset/Outputs/6_DE_Vis/figures/de/top/segment/top_genes_limma_trend_GeoDiff_Duct_Healthy_-_Acinar_Hea_01754087.png,plotted,Segment tab generated from metadata column 'segment'. Generated.
top_genes:Duct_Healthy - (Acinar_Healthy + Acinar_Tumor + ADM_Healthy + Duct_Tumor + Glandular_Tumor_Tumor + PanIN_Healthy + PanIN_Tumor + PoorlyDiffTumor_Tumor)/8:Panck Cd45 Negative,top_genes,Duct_Healthy - (Acinar_Healthy + Acinar_Tumor + ADM_Healthy + Duct_Tumor + Glandular_Tumor_Tumor + PanIN_Healthy + PanIN_Tumor + PoorlyDiffTumor_Tumor)/8,segment_filtered,top_genes_limma_trend_GeoDiff_Duct_Healthy_-_Acinar_Hea_01835382,10,10,0,^Panck Cd45 Negative$,Panck Cd45 Negative,Contrast 04: Duct_Healthy vs NonDuct_Healthy,Healthy,cell_type,disease_status,<none>,20,C:/R/gmx/Example_Dataset/Outputs/6_DE_Vis/figures/de/top/segment/top_genes_limma_trend_GeoDiff_Duct_Healthy_-_Acinar_Hea_01835382.pdf,C:/R/gmx/Example_Dataset/Outputs/6_DE_Vis/figures/de/top/segment/top_genes_limma_trend_GeoDiff_Duct_Healthy_-_Acinar_Hea_01835382.png,plotted,Segment tab generated from metadata column 'segment'. Generated.
top_genes:Duct_Healthy - (Acinar_Healthy + Acinar_Tumor + ADM_Healthy + Duct_Tumor + Glandular_Tumor_Tumor + PanIN_Healthy + PanIN_Tumor + PoorlyDiffTumor_Tumor)/8:Panck+(Epi),top_genes,Duct_Healthy - (Acinar_Healthy + Acinar_Tumor + ADM_Healthy + Duct_Tumor + Glandular_Tumor_Tumor + PanIN_Healthy + PanIN_Tumor + PoorlyDiffTumor_Tumor)/8,segment_filtered,top_genes_limma_trend_GeoDiff_Duct_Healthy_-_Acinar_Hea_01686260,10,10,0,^Panck\+\(Epi\)$,Panck+(Epi),Contrast 04: Duct_Healthy vs NonDuct_Healthy,Tumor,cell_type,disease_status,<none>,68,C:/R/gmx/Example_Dataset/Outputs/6_DE_Vis/figures/de/top/segment/top_genes_limma_trend_GeoDiff_Duct_Healthy_-_Acinar_Hea_01686260.pdf,C:/R/gmx/Example_Dataset/Outputs/6_DE_Vis/figures/de/top/segment/top_genes_limma_trend_GeoDiff_Duct_Healthy_-_Acinar_Hea_01686260.png,plotted,Segment tab generated from metadata column 'segment'. Generated.
top_genes:Duct_Healthy - (Acinar_Healthy + Acinar_Tumor + ADM_Healthy + Duct_Tumor + Glandular_Tumor_Tumor + PanIN_Healthy + PanIN_Tumor + PoorlyDiffTumor_Tumor)/8:Panck+(Epithelial),top_genes,Duct_Healthy - (Acinar_Healthy + Acinar_Tumor + ADM_Healthy + Duct_Tumor + Glandular_Tumor_Tumor + PanIN_Healthy + PanIN_Tumor + PoorlyDiffTumor_Tumor)/8,segment_filtered,top_genes_limma_trend_GeoDiff_Duct_Healthy_-_Acinar_Hea_01832835,10,10,0,^Panck\+\(Epithelial\)$,Panck+(Epithelial),Contrast 04: Duct_Healthy vs NonDuct_Healthy,Tumor,cell_type,disease_status,<none>,66,C:/R/gmx/Example_Dataset/Outputs/6_DE_Vis/figures/de/top/segment/top_genes_limma_trend_GeoDiff_Duct_Healthy_-_Acinar_Hea_01832835.pdf,C:/R/gmx/Example_Dataset/Outputs/6_DE_Vis/figures/de/top/segment/top_genes_limma_trend_GeoDiff_Duct_Healthy_-_Acinar_Hea_01832835.png,plotted,Segment tab generated from metadata column 'segment'. Generated.
top_genes:Duct_Tumor - (Acinar_Healthy + Acinar_Tumor + ADM_Healthy + Duct_Healthy + Glandular_Tumor_Tumor + PanIN_Healthy + PanIN_Tumor + PoorlyDiffTumor_Tumor)/8:all_samples,top_genes,Duct_Tumor - (Acinar_Healthy + Acinar_Tumor + ADM_Healthy + Duct_Healthy + Glandular_Tumor_Tumor + PanIN_Healthy + PanIN_Tumor + PoorlyDiffTumor_Tumor)/8,all_samples,top_genes_limma_trend_GeoDiff_Duct_Tumor_-_Acinar_Healt_01737158,10,10,0,<none>,All matched samples,Contrast 05: Duct_Tumor vs NonDuct_Tumor,Healthy; Tumor,cell_type,disease_status,<none>,276,C:/R/gmx/Example_Dataset/Outputs/6_DE_Vis/figures/de/top/all/top_genes_limma_trend_GeoDiff_Duct_Tumor_-_Acinar_Healt_01737158.pdf,C:/R/gmx/Example_Dataset/Outputs/6_DE_Vis/figures/de/top/all/top_genes_limma_trend_GeoDiff_Duct_Tumor_-_Acinar_Healt_01737158.png,plotted,"All matched samples panel generated before segment-specific tabs. Samples were restricted to the Stage 5 contrast arms 'Duct_Tumor' and 'NonDuct_Tumor'. Boxes use the configured 'cell_type' metadata column and points use the configured 'disease_status' metadata column. For one-vs-rest contrasts, the denominator arm aggregates the denominator terms recorded in contrast_table_expanded.tsv. Generated."
top_genes:Duct_Tumor - (Acinar_Healthy + Acinar_Tumor + ADM_Healthy + Duct_Healthy + Glandular_Tumor_Tumor + PanIN_Healthy + PanIN_Tumor + PoorlyDiffTumor_Tumor)/8:Panck,top_genes,Duct_Tumor - (Acinar_Healthy + Acinar_Tumor + ADM_Healthy + Duct_Healthy + Glandular_Tumor_Tumor + PanIN_Healthy + PanIN_Tumor + PoorlyDiffTumor_Tumor)/8,segment_filtered,top_genes_limma_trend_GeoDiff_Duct_Tumor_-_Acinar_Healt_01607965,10,10,0,^Panck$,Panck,Contrast 05: Duct_Tumor vs NonDuct_Tumor,Healthy,cell_type,disease_status,<none>,94,C:/R/gmx/Example_Dataset/Outputs/6_DE_Vis/figures/de/top/segment/top_genes_limma_trend_GeoDiff_Duct_Tumor_-_Acinar_Healt_01607965.pdf,C:/R/gmx/Example_Dataset/Outputs/6_DE_Vis/figures/de/top/segment/top_genes_limma_trend_GeoDiff_Duct_Tumor_-_Acinar_Healt_01607965.png,plotted,Segment tab generated from metadata column 'segment'. Generated.
top_genes:Duct_Tumor - (Acinar_Healthy + Acinar_Tumor + ADM_Healthy + Duct_Healthy + Glandular_Tumor_Tumor + PanIN_Healthy + PanIN_Tumor + PoorlyDiffTumor_Tumor)/8:Panck-(Stroma),top_genes,Duct_Tumor - (Acinar_Healthy + Acinar_Tumor + ADM_Healthy + Duct_Healthy + Glandular_Tumor_Tumor + PanIN_Healthy + PanIN_Tumor + PoorlyDiffTumor_Tumor)/8,segment_filtered,top_genes_limma_trend_GeoDiff_Duct_Tumor_-_Acinar_Healt_01754831,10,10,0,^Panck-\(Stroma\)$,Panck-(Stroma),Contrast 05: Duct_Tumor vs NonDuct_Tumor,Tumor,cell_type,disease_status,<none>,28,C:/R/gmx/Example_Dataset/Outputs/6_DE_Vis/figures/de/top/segment/top_genes_limma_trend_GeoDiff_Duct_Tumor_-_Acinar_Healt_01754831.pdf,C:/R/gmx/Example_Dataset/Outputs/6_DE_Vis/figures/de/top/segment/top_genes_limma_trend_GeoDiff_Duct_Tumor_-_Acinar_Healt_01754831.png,plotted,Segment tab generated from metadata column 'segment'. Generated.
top_genes:Duct_Tumor - (Acinar_Healthy + Acinar_Tumor + ADM_Healthy + Duct_Healthy + Glandular_Tumor_Tumor + PanIN_Healthy + PanIN_Tumor + PoorlyDiffTumor_Tumor)/8:Panck Cd45 Negative,top_genes,Duct_Tumor - (Acinar_Healthy + Acinar_Tumor + ADM_Healthy + Duct_Healthy + Glandular_Tumor_Tumor + PanIN_Healthy + PanIN_Tumor + PoorlyDiffTumor_Tumor)/8,segment_filtered,top_genes_limma_trend_GeoDiff_Duct_Tumor_-_Acinar_Healt_01836126,10,10,0,^Panck Cd45 Negative$,Panck Cd45 Negative,Contrast 05: Duct_Tumor vs NonDuct_Tumor,Healthy,cell_type,disease_status,<none>,20,C:/R/gmx/Example_Dataset/Outputs/6_DE_Vis/figures/de/top/segment/top_genes_limma_trend_GeoDiff_Duct_Tumor_-_Acinar_Healt_01836126.pdf,C:/R/gmx/Example_Dataset/Outputs/6_DE_Vis/figures/de/top/segment/top_genes_limma_trend_GeoDiff_Duct_Tumor_-_Acinar_Healt_01836126.png,plotted,Segment tab generated from metadata column 'segment'. Generated.
top_genes:Duct_Tumor - (Acinar_Healthy + Acinar_Tumor + ADM_Healthy + Duct_Healthy + Glandular_Tumor_Tumor + PanIN_Healthy + PanIN_Tumor + PoorlyDiffTumor_Tumor)/8:Panck+(Epi),top_genes,Duct_Tumor - (Acinar_Healthy + Acinar_Tumor + ADM_Healthy + Duct_Healthy + Glandular_Tumor_Tumor + PanIN_Healthy + PanIN_Tumor + PoorlyDiffTumor_Tumor)/8,segment_filtered,top_genes_limma_trend_GeoDiff_Duct_Tumor_-_Acinar_Healt_01687004,10,10,0,^Panck\+\(Epi\)$,Panck+(Epi),Contrast 05: Duct_Tumor vs NonDuct_Tumor,Tumor,cell_type,disease_status,<none>,68,C:/R/gmx/Example_Dataset/Outputs/6_DE_Vis/figures/de/top/segment/top_genes_limma_trend_GeoDiff_Duct_Tumor_-_Acinar_Healt_01687004.pdf,C:/R/gmx/Example_Dataset/Outputs/6_DE_Vis/figures/de/top/segment/top_genes_limma_trend_GeoDiff_Duct_Tumor_-_Acinar_Healt_01687004.png,plotted,Segment tab generated from metadata column 'segment'. Generated.
top_genes:Duct_Tumor - (Acinar_Healthy + Acinar_Tumor + ADM_Healthy + Duct_Healthy + Glandular_Tumor_Tumor + PanIN_Healthy + PanIN_Tumor + PoorlyDiffTumor_Tumor)/8:Panck+(Epithelial),top_genes,Duct_Tumor - (Acinar_Healthy + Acinar_Tumor + ADM_Healthy + Duct_Healthy + Glandular_Tumor_Tumor + PanIN_Healthy + PanIN_Tumor + PoorlyDiffTumor_Tumor)/8,segment_filtered,top_genes_limma_trend_GeoDiff_Duct_Tumor_-_Acinar_Healt_01833579,10,10,0,^Panck\+\(Epithelial\)$,Panck+(Epithelial),Contrast 05: Duct_Tumor vs NonDuct_Tumor,Tumor,cell_type,disease_status,<none>,66,C:/R/gmx/Example_Dataset/Outputs/6_DE_Vis/figures/de/top/segment/top_genes_limma_trend_GeoDiff_Duct_Tumor_-_Acinar_Healt_01833579.pdf,C:/R/gmx/Example_Dataset/Outputs/6_DE_Vis/figures/de/top/segment/top_genes_limma_trend_GeoDiff_Duct_Tumor_-_Acinar_Healt_01833579.png,plotted,Segment tab generated from metadata column 'segment'. Generated.
top_genes:Glandular_Tumor_Tumor - (Acinar_Healthy + Acinar_Tumor + ADM_Healthy + Duct_Healthy + Duct_Tumor + PanIN_Healthy + PanIN_Tumor + PoorlyDiffTumor_Tumor)/8:all_samples,top_genes,Glandular_Tumor_Tumor - (Acinar_Healthy + Acinar_Tumor + ADM_Healthy + Duct_Healthy + Duct_Tumor + PanIN_Healthy + PanIN_Tumor + PoorlyDiffTumor_Tumor)/8,all_samples,top_genes_limma_trend_GeoDiff_Glandular_Tumor_Tumor_-_A_01721917,10,10,0,<none>,All matched samples,Contrast 06: Glandular_Tumor_Tumor vs NonGlandular_Tumor_Tumor,Healthy; Tumor,cell_type,disease_status,<none>,276,C:/R/gmx/Example_Dataset/Outputs/6_DE_Vis/figures/de/top/all/top_genes_limma_trend_GeoDiff_Glandular_Tumor_Tumor_-_A_01721917.pdf,C:/R/gmx/Example_Dataset/Outputs/6_DE_Vis/figures/de/top/all/top_genes_limma_trend_GeoDiff_Glandular_Tumor_Tumor_-_A_01721917.png,plotted,"All matched samples panel generated before segment-specific tabs. Samples were restricted to the Stage 5 contrast arms 'Glandular_Tumor_Tumor' and 'NonGlandular_Tumor_Tumor'. Boxes use the configured 'cell_type' metadata column and points use the configured 'disease_status' metadata column. For one-vs-rest contrasts, the denominator arm aggregates the denominator terms recorded in contrast_table_expanded.tsv. Generated."
top_genes:Glandular_Tumor_Tumor - (Acinar_Healthy + Acinar_Tumor + ADM_Healthy + Duct_Healthy + Duct_Tumor + PanIN_Healthy + PanIN_Tumor + PoorlyDiffTumor_Tumor)/8:Panck,top_genes,Glandular_Tumor_Tumor - (Acinar_Healthy + Acinar_Tumor + ADM_Healthy + Duct_Healthy + Duct_Tumor + PanIN_Healthy + PanIN_Tumor + PoorlyDiffTumor_Tumor)/8,segment_filtered,top_genes_limma_trend_GeoDiff_Glandular_Tumor_Tumor_-_A_01592724,10,10,0,^Panck$,Panck,Contrast 06: Glandular_Tumor_Tumor vs NonGlandular_Tumor_Tumor,Healthy,cell_type,disease_status,<none>,94,C:/R/gmx/Example_Dataset/Outputs/6_DE_Vis/figures/de/top/segment/top_genes_limma_trend_GeoDiff_Glandular_Tumor_Tumor_-_A_01592724.pdf,C:/R/gmx/Example_Dataset/Outputs/6_DE_Vis/figures/de/top/segment/top_genes_limma_trend_GeoDiff_Glandular_Tumor_Tumor_-_A_01592724.png,plotted,Segment tab generated from metadata column 'segment'. Generated.
top_genes:Glandular_Tumor_Tumor - (Acinar_Healthy + Acinar_Tumor + ADM_Healthy + Duct_Healthy + Duct_Tumor + PanIN_Healthy + PanIN_Tumor + PoorlyDiffTumor_Tumor)/8:Panck-(Stroma),top_genes,Glandular_Tumor_Tumor - (Acinar_Healthy + Acinar_Tumor + ADM_Healthy + Duct_Healthy + Duct_Tumor + PanIN_Healthy + PanIN_Tumor + PoorlyDiffTumor_Tumor)/8,segment_filtered,top_genes_limma_trend_GeoDiff_Glandular_Tumor_Tumor_-_A_01739590,10,10,0,^Panck-\(Stroma\)$,Panck-(Stroma),Contrast 06: Glandular_Tumor_Tumor vs NonGlandular_Tumor_Tumor,Tumor,cell_type,disease_status,<none>,28,C:/R/gmx/Example_Dataset/Outputs/6_DE_Vis/figures/de/top/segment/top_genes_limma_trend_GeoDiff_Glandular_Tumor_Tumor_-_A_01739590.pdf,C:/R/gmx/Example_Dataset/Outputs/6_DE_Vis/figures/de/top/segment/top_genes_limma_trend_GeoDiff_Glandular_Tumor_Tumor_-_A_01739590.png,plotted,Segment tab generated from metadata column 'segment'. Generated.
top_genes:Glandular_Tumor_Tumor - (Acinar_Healthy + Acinar_Tumor + ADM_Healthy + Duct_Healthy + Duct_Tumor + PanIN_Healthy + PanIN_Tumor + PoorlyDiffTumor_Tumor)/8:Panck Cd45 Negative,top_genes,Glandular_Tumor_Tumor - (Acinar_Healthy + Acinar_Tumor + ADM_Healthy + Duct_Healthy + Duct_Tumor + PanIN_Healthy + PanIN_Tumor + PoorlyDiffTumor_Tumor)/8,segment_filtered,top_genes_limma_trend_GeoDiff_Glandular_Tumor_Tumor_-_A_01820885,10,10,0,^Panck Cd45 Negative$,Panck Cd45 Negative,Contrast 06: Glandular_Tumor_Tumor vs NonGlandular_Tumor_Tumor,Healthy,cell_type,disease_status,<none>,20,C:/R/gmx/Example_Dataset/Outputs/6_DE_Vis/figures/de/top/segment/top_genes_limma_trend_GeoDiff_Glandular_Tumor_Tumor_-_A_01820885.pdf,C:/R/gmx/Example_Dataset/Outputs/6_DE_Vis/figures/de/top/segment/top_genes_limma_trend_GeoDiff_Glandular_Tumor_Tumor_-_A_01820885.png,plotted,Segment tab generated from metadata column 'segment'. Generated.
top_genes:Glandular_Tumor_Tumor - (Acinar_Healthy + Acinar_Tumor + ADM_Healthy + Duct_Healthy + Duct_Tumor + PanIN_Healthy + PanIN_Tumor + PoorlyDiffTumor_Tumor)/8:Panck+(Epi),top_genes,Glandular_Tumor_Tumor - (Acinar_Healthy + Acinar_Tumor + ADM_Healthy + Duct_Healthy + Duct_Tumor + PanIN_Healthy + PanIN_Tumor + PoorlyDiffTumor_Tumor)/8,segment_filtered,top_genes_limma_trend_GeoDiff_Glandular_Tumor_Tumor_-_A_01671763,10,10,0,^Panck\+\(Epi\)$,Panck+(Epi),Contrast 06: Glandular_Tumor_Tumor vs NonGlandular_Tumor_Tumor,Tumor,cell_type,disease_status,<none>,68,C:/R/gmx/Example_Dataset/Outputs/6_DE_Vis/figures/de/top/segment/top_genes_limma_trend_GeoDiff_Glandular_Tumor_Tumor_-_A_01671763.pdf,C:/R/gmx/Example_Dataset/Outputs/6_DE_Vis/figures/de/top/segment/top_genes_limma_trend_GeoDiff_Glandular_Tumor_Tumor_-_A_01671763.png,plotted,Segment tab generated from metadata column 'segment'. Generated.
top_genes:Glandular_Tumor_Tumor - (Acinar_Healthy + Acinar_Tumor + ADM_Healthy + Duct_Healthy + Duct_Tumor + PanIN_Healthy + PanIN_Tumor + PoorlyDiffTumor_Tumor)/8:Panck+(Epithelial),top_genes,Glandular_Tumor_Tumor - (Acinar_Healthy + Acinar_Tumor + ADM_Healthy + Duct_Healthy + Duct_Tumor + PanIN_Healthy + PanIN_Tumor + PoorlyDiffTumor_Tumor)/8,segment_filtered,top_genes_limma_trend_GeoDiff_Glandular_Tumor_Tumor_-_A_01818338,10,10,0,^Panck\+\(Epithelial\)$,Panck+(Epithelial),Contrast 06: Glandular_Tumor_Tumor vs NonGlandular_Tumor_Tumor,Tumor,cell_type,disease_status,<none>,66,C:/R/gmx/Example_Dataset/Outputs/6_DE_Vis/figures/de/top/segment/top_genes_limma_trend_GeoDiff_Glandular_Tumor_Tumor_-_A_01818338.pdf,C:/R/gmx/Example_Dataset/Outputs/6_DE_Vis/figures/de/top/segment/top_genes_limma_trend_GeoDiff_Glandular_Tumor_Tumor_-_A_01818338.png,plotted,Segment tab generated from metadata column 'segment'. Generated.
top_genes:PanIN_Healthy - (Acinar_Healthy + Acinar_Tumor + ADM_Healthy + Duct_Healthy + Duct_Tumor + Glandular_Tumor_Tumor + PanIN_Tumor + PoorlyDiffTumor_Tumor)/8:all_samples,top_genes,PanIN_Healthy - (Acinar_Healthy + Acinar_Tumor + ADM_Healthy + Duct_Healthy + Duct_Tumor + Glandular_Tumor_Tumor + PanIN_Tumor + PoorlyDiffTumor_Tumor)/8,all_samples,top_genes_limma_trend_GeoDiff_PanIN_Healthy_-_Acinar_He_01743923,10,10,0,<none>,All matched samples,Contrast 07: PanIN_Healthy vs NonPanIN_Healthy,Healthy; Tumor,cell_type,disease_status,<none>,276,C:/R/gmx/Example_Dataset/Outputs/6_DE_Vis/figures/de/top/all/top_genes_limma_trend_GeoDiff_PanIN_Healthy_-_Acinar_He_01743923.pdf,C:/R/gmx/Example_Dataset/Outputs/6_DE_Vis/figures/de/top/all/top_genes_limma_trend_GeoDiff_PanIN_Healthy_-_Acinar_He_01743923.png,plotted,"All matched samples panel generated before segment-specific tabs. Samples were restricted to the Stage 5 contrast arms 'PanIN_Healthy' and 'NonPanIN_Healthy'. Boxes use the configured 'cell_type' metadata column and points use the configured 'disease_status' metadata column. For one-vs-rest contrasts, the denominator arm aggregates the denominator terms recorded in contrast_table_expanded.tsv. Generated."
top_genes:PanIN_Healthy - (Acinar_Healthy + Acinar_Tumor + ADM_Healthy + Duct_Healthy + Duct_Tumor + Glandular_Tumor_Tumor + PanIN_Tumor + PoorlyDiffTumor_Tumor)/8:Panck,top_genes,PanIN_Healthy - (Acinar_Healthy + Acinar_Tumor + ADM_Healthy + Duct_Healthy + Duct_Tumor + Glandular_Tumor_Tumor + PanIN_Tumor + PoorlyDiffTumor_Tumor)/8,segment_filtered,top_genes_limma_trend_GeoDiff_PanIN_Healthy_-_Acinar_He_01614730,10,10,0,^Panck$,Panck,Contrast 07: PanIN_Healthy vs NonPanIN_Healthy,Healthy,cell_type,disease_status,<none>,94,C:/R/gmx/Example_Dataset/Outputs/6_DE_Vis/figures/de/top/segment/top_genes_limma_trend_GeoDiff_PanIN_Healthy_-_Acinar_He_01614730.pdf,C:/R/gmx/Example_Dataset/Outputs/6_DE_Vis/figures/de/top/segment/top_genes_limma_trend_GeoDiff_PanIN_Healthy_-_Acinar_He_01614730.png,plotted,Segment tab generated from metadata column 'segment'. Generated.
top_genes:PanIN_Healthy - (Acinar_Healthy + Acinar_Tumor + ADM_Healthy + Duct_Healthy + Duct_Tumor + Glandular_Tumor_Tumor + PanIN_Tumor + PoorlyDiffTumor_Tumor)/8:Panck-(Stroma),top_genes,PanIN_Healthy - (Acinar_Healthy + Acinar_Tumor + ADM_Healthy + Duct_Healthy + Duct_Tumor + Glandular_Tumor_Tumor + PanIN_Tumor + PoorlyDiffTumor_Tumor)/8,segment_filtered,top_genes_limma_trend_GeoDiff_PanIN_Healthy_-_Acinar_He_01761596,10,10,0,^Panck-\(Stroma\)$,Panck-(Stroma),Contrast 07: PanIN_Healthy vs NonPanIN_Healthy,Tumor,cell_type,disease_status,<none>,28,C:/R/gmx/Example_Dataset/Outputs/6_DE_Vis/figures/de/top/segment/top_genes_limma_trend_GeoDiff_PanIN_Healthy_-_Acinar_He_01761596.pdf,C:/R/gmx/Example_Dataset/Outputs/6_DE_Vis/figures/de/top/segment/top_genes_limma_trend_GeoDiff_PanIN_Healthy_-_Acinar_He_01761596.png,plotted,Segment tab generated from metadata column 'segment'. Generated.
top_genes:PanIN_Healthy - (Acinar_Healthy + Acinar_Tumor + ADM_Healthy + Duct_Healthy + Duct_Tumor + Glandular_Tumor_Tumor + PanIN_Tumor + PoorlyDiffTumor_Tumor)/8:Panck Cd45 Negative,top_genes,PanIN_Healthy - (Acinar_Healthy + Acinar_Tumor + ADM_Healthy + Duct_Healthy + Duct_Tumor + Glandular_Tumor_Tumor + PanIN_Tumor + PoorlyDiffTumor_Tumor)/8,segment_filtered,top_genes_limma_trend_GeoDiff_PanIN_Healthy_-_Acinar_He_01842891,10,10,0,^Panck Cd45 Negative$,Panck Cd45 Negative,Contrast 07: PanIN_Healthy vs NonPanIN_Healthy,Healthy,cell_type,disease_status,<none>,20,C:/R/gmx/Example_Dataset/Outputs/6_DE_Vis/figures/de/top/segment/top_genes_limma_trend_GeoDiff_PanIN_Healthy_-_Acinar_He_01842891.pdf,C:/R/gmx/Example_Dataset/Outputs/6_DE_Vis/figures/de/top/segment/top_genes_limma_trend_GeoDiff_PanIN_Healthy_-_Acinar_He_01842891.png,plotted,Segment tab generated from metadata column 'segment'. Generated.
top_genes:PanIN_Healthy - (Acinar_Healthy + Acinar_Tumor + ADM_Healthy + Duct_Healthy + Duct_Tumor + Glandular_Tumor_Tumor + PanIN_Tumor + PoorlyDiffTumor_Tumor)/8:Panck+(Epi),top_genes,PanIN_Healthy - (Acinar_Healthy + Acinar_Tumor + ADM_Healthy + Duct_Healthy + Duct_Tumor + Glandular_Tumor_Tumor + PanIN_Tumor + PoorlyDiffTumor_Tumor)/8,segment_filtered,top_genes_limma_trend_GeoDiff_PanIN_Healthy_-_Acinar_He_01693769,10,10,0,^Panck\+\(Epi\)$,Panck+(Epi),Contrast 07: PanIN_Healthy vs NonPanIN_Healthy,Tumor,cell_type,disease_status,<none>,68,C:/R/gmx/Example_Dataset/Outputs/6_DE_Vis/figures/de/top/segment/top_genes_limma_trend_GeoDiff_PanIN_Healthy_-_Acinar_He_01693769.pdf,C:/R/gmx/Example_Dataset/Outputs/6_DE_Vis/figures/de/top/segment/top_genes_limma_trend_GeoDiff_PanIN_Healthy_-_Acinar_He_01693769.png,plotted,Segment tab generated from metadata column 'segment'. Generated.
top_genes:PanIN_Healthy - (Acinar_Healthy + Acinar_Tumor + ADM_Healthy + Duct_Healthy + Duct_Tumor + Glandular_Tumor_Tumor + PanIN_Tumor + PoorlyDiffTumor_Tumor)/8:Panck+(Epithelial),top_genes,PanIN_Healthy - (Acinar_Healthy + Acinar_Tumor + ADM_Healthy + Duct_Healthy + Duct_Tumor + Glandular_Tumor_Tumor + PanIN_Tumor + PoorlyDiffTumor_Tumor)/8,segment_filtered,top_genes_limma_trend_GeoDiff_PanIN_Healthy_-_Acinar_He_01840344,10,10,0,^Panck\+\(Epithelial\)$,Panck+(Epithelial),Contrast 07: PanIN_Healthy vs NonPanIN_Healthy,Tumor,cell_type,disease_status,<none>,66,C:/R/gmx/Example_Dataset/Outputs/6_DE_Vis/figures/de/top/segment/top_genes_limma_trend_GeoDiff_PanIN_Healthy_-_Acinar_He_01840344.pdf,C:/R/gmx/Example_Dataset/Outputs/6_DE_Vis/figures/de/top/segment/top_genes_limma_trend_GeoDiff_PanIN_Healthy_-_Acinar_He_01840344.png,plotted,Segment tab generated from metadata column 'segment'. Generated.
top_genes:PanIN_Tumor - (Acinar_Healthy + Acinar_Tumor + ADM_Healthy + Duct_Healthy + Duct_Tumor + Glandular_Tumor_Tumor + PanIN_Healthy + PoorlyDiffTumor_Tumor)/8:all_samples,top_genes,PanIN_Tumor - (Acinar_Healthy + Acinar_Tumor + ADM_Healthy + Duct_Healthy + Duct_Tumor + Glandular_Tumor_Tumor + PanIN_Healthy + PoorlyDiffTumor_Tumor)/8,all_samples,top_genes_limma_trend_GeoDiff_PanIN_Tumor_-_Acinar_Heal_01744849,10,10,0,<none>,All matched samples,Contrast 08: PanIN_Tumor vs NonPanIN_Tumor,Healthy; Tumor,cell_type,disease_status,<none>,276,C:/R/gmx/Example_Dataset/Outputs/6_DE_Vis/figures/de/top/all/top_genes_limma_trend_GeoDiff_PanIN_Tumor_-_Acinar_Heal_01744849.pdf,C:/R/gmx/Example_Dataset/Outputs/6_DE_Vis/figures/de/top/all/top_genes_limma_trend_GeoDiff_PanIN_Tumor_-_Acinar_Heal_01744849.png,plotted,"All matched samples panel generated before segment-specific tabs. Samples were restricted to the Stage 5 contrast arms 'PanIN_Tumor' and 'NonPanIN_Tumor'. Boxes use the configured 'cell_type' metadata column and points use the configured 'disease_status' metadata column. For one-vs-rest contrasts, the denominator arm aggregates the denominator terms recorded in contrast_table_expanded.tsv. Generated."
top_genes:PanIN_Tumor - (Acinar_Healthy + Acinar_Tumor + ADM_Healthy + Duct_Healthy + Duct_Tumor + Glandular_Tumor_Tumor + PanIN_Healthy + PoorlyDiffTumor_Tumor)/8:Panck,top_genes,PanIN_Tumor - (Acinar_Healthy + Acinar_Tumor + ADM_Healthy + Duct_Healthy + Duct_Tumor + Glandular_Tumor_Tumor + PanIN_Healthy + PoorlyDiffTumor_Tumor)/8,segment_filtered,top_genes_limma_trend_GeoDiff_PanIN_Tumor_-_Acinar_Heal_01615656,10,10,0,^Panck$,Panck,Contrast 08: PanIN_Tumor vs NonPanIN_Tumor,Healthy,cell_type,disease_status,<none>,94,C:/R/gmx/Example_Dataset/Outputs/6_DE_Vis/figures/de/top/segment/top_genes_limma_trend_GeoDiff_PanIN_Tumor_-_Acinar_Heal_01615656.pdf,C:/R/gmx/Example_Dataset/Outputs/6_DE_Vis/figures/de/top/segment/top_genes_limma_trend_GeoDiff_PanIN_Tumor_-_Acinar_Heal_01615656.png,plotted,Segment tab generated from metadata column 'segment'. Generated.
top_genes:PanIN_Tumor - (Acinar_Healthy + Acinar_Tumor + ADM_Healthy + Duct_Healthy + Duct_Tumor + Glandular_Tumor_Tumor + PanIN_Healthy + PoorlyDiffTumor_Tumor)/8:Panck-(Stroma),top_genes,PanIN_Tumor - (Acinar_Healthy + Acinar_Tumor + ADM_Healthy + Duct_Healthy + Duct_Tumor + Glandular_Tumor_Tumor + PanIN_Healthy + PoorlyDiffTumor_Tumor)/8,segment_filtered,top_genes_limma_trend_GeoDiff_PanIN_Tumor_-_Acinar_Heal_01762522,10,10,0,^Panck-\(Stroma\)$,Panck-(Stroma),Contrast 08: PanIN_Tumor vs NonPanIN_Tumor,Tumor,cell_type,disease_status,<none>,28,C:/R/gmx/Example_Dataset/Outputs/6_DE_Vis/figures/de/top/segment/top_genes_limma_trend_GeoDiff_PanIN_Tumor_-_Acinar_Heal_01762522.pdf,C:/R/gmx/Example_Dataset/Outputs/6_DE_Vis/figures/de/top/segment/top_genes_limma_trend_GeoDiff_PanIN_Tumor_-_Acinar_Heal_01762522.png,plotted,Segment tab generated from metadata column 'segment'. Generated.
top_genes:PanIN_Tumor - (Acinar_Healthy + Acinar_Tumor + ADM_Healthy + Duct_Healthy + Duct_Tumor + Glandular_Tumor_Tumor + PanIN_Healthy + PoorlyDiffTumor_Tumor)/8:Panck Cd45 Negative,top_genes,PanIN_Tumor - (Acinar_Healthy + Acinar_Tumor + ADM_Healthy + Duct_Healthy + Duct_Tumor + Glandular_Tumor_Tumor + PanIN_Healthy + PoorlyDiffTumor_Tumor)/8,segment_filtered,top_genes_limma_trend_GeoDiff_PanIN_Tumor_-_Acinar_Heal_01843817,10,10,0,^Panck Cd45 Negative$,Panck Cd45 Negative,Contrast 08: PanIN_Tumor vs NonPanIN_Tumor,Healthy,cell_type,disease_status,<none>,20,C:/R/gmx/Example_Dataset/Outputs/6_DE_Vis/figures/de/top/segment/top_genes_limma_trend_GeoDiff_PanIN_Tumor_-_Acinar_Heal_01843817.pdf,C:/R/gmx/Example_Dataset/Outputs/6_DE_Vis/figures/de/top/segment/top_genes_limma_trend_GeoDiff_PanIN_Tumor_-_Acinar_Heal_01843817.png,plotted,Segment tab generated from metadata column 'segment'. Generated.
top_genes:PanIN_Tumor - (Acinar_Healthy + Acinar_Tumor + ADM_Healthy + Duct_Healthy + Duct_Tumor + Glandular_Tumor_Tumor + PanIN_Healthy + PoorlyDiffTumor_Tumor)/8:Panck+(Epi),top_genes,PanIN_Tumor - (Acinar_Healthy + Acinar_Tumor + ADM_Healthy + Duct_Healthy + Duct_Tumor + Glandular_Tumor_Tumor + PanIN_Healthy + PoorlyDiffTumor_Tumor)/8,segment_filtered,top_genes_limma_trend_GeoDiff_PanIN_Tumor_-_Acinar_Heal_01694695,10,10,0,^Panck\+\(Epi\)$,Panck+(Epi),Contrast 08: PanIN_Tumor vs NonPanIN_Tumor,Tumor,cell_type,disease_status,<none>,68,C:/R/gmx/Example_Dataset/Outputs/6_DE_Vis/figures/de/top/segment/top_genes_limma_trend_GeoDiff_PanIN_Tumor_-_Acinar_Heal_01694695.pdf,C:/R/gmx/Example_Dataset/Outputs/6_DE_Vis/figures/de/top/segment/top_genes_limma_trend_GeoDiff_PanIN_Tumor_-_Acinar_Heal_01694695.png,plotted,Segment tab generated from metadata column 'segment'. Generated.
top_genes:PanIN_Tumor - (Acinar_Healthy + Acinar_Tumor + ADM_Healthy + Duct_Healthy + Duct_Tumor + Glandular_Tumor_Tumor + PanIN_Healthy + PoorlyDiffTumor_Tumor)/8:Panck+(Epithelial),top_genes,PanIN_Tumor - (Acinar_Healthy + Acinar_Tumor + ADM_Healthy + Duct_Healthy + Duct_Tumor + Glandular_Tumor_Tumor + PanIN_Healthy + PoorlyDiffTumor_Tumor)/8,segment_filtered,top_genes_limma_trend_GeoDiff_PanIN_Tumor_-_Acinar_Heal_01841270,10,10,0,^Panck\+\(Epithelial\)$,Panck+(Epithelial),Contrast 08: PanIN_Tumor vs NonPanIN_Tumor,Tumor,cell_type,disease_status,<none>,66,C:/R/gmx/Example_Dataset/Outputs/6_DE_Vis/figures/de/top/segment/top_genes_limma_trend_GeoDiff_PanIN_Tumor_-_Acinar_Heal_01841270.pdf,C:/R/gmx/Example_Dataset/Outputs/6_DE_Vis/figures/de/top/segment/top_genes_limma_trend_GeoDiff_PanIN_Tumor_-_Acinar_Heal_01841270.png,plotted,Segment tab generated from metadata column 'segment'. Generated.
top_genes:PoorlyDiffTumor_Tumor - (Acinar_Healthy + Acinar_Tumor + ADM_Healthy + Duct_Healthy + Duct_Tumor + Glandular_Tumor_Tumor + PanIN_Healthy + PanIN_Tumor)/8:all_samples,top_genes,PoorlyDiffTumor_Tumor - (Acinar_Healthy + Acinar_Tumor + ADM_Healthy + Duct_Healthy + Duct_Tumor + Glandular_Tumor_Tumor + PanIN_Healthy + PanIN_Tumor)/8,all_samples,top_genes_limma_trend_GeoDiff_PoorlyDiffTumor_Tumor_-_A_01713418,10,10,0,<none>,All matched samples,Contrast 09: PoorlyDiffTumor_Tumor vs NonPoorlyDiffTumor_Tumor,Healthy; Tumor,cell_type,disease_status,<none>,276,C:/R/gmx/Example_Dataset/Outputs/6_DE_Vis/figures/de/top/all/top_genes_limma_trend_GeoDiff_PoorlyDiffTumor_Tumor_-_A_01713418.pdf,C:/R/gmx/Example_Dataset/Outputs/6_DE_Vis/figures/de/top/all/top_genes_limma_trend_GeoDiff_PoorlyDiffTumor_Tumor_-_A_01713418.png,plotted,"All matched samples panel generated before segment-specific tabs. Samples were restricted to the Stage 5 contrast arms 'PoorlyDiffTumor_Tumor' and 'NonPoorlyDiffTumor_Tumor'. Boxes use the configured 'cell_type' metadata column and points use the configured 'disease_status' metadata column. For one-vs-rest contrasts, the denominator arm aggregates the denominator terms recorded in contrast_table_expanded.tsv. Generated."
top_genes:PoorlyDiffTumor_Tumor - (Acinar_Healthy + Acinar_Tumor + ADM_Healthy + Duct_Healthy + Duct_Tumor + Glandular_Tumor_Tumor + PanIN_Healthy + PanIN_Tumor)/8:Panck,top_genes,PoorlyDiffTumor_Tumor - (Acinar_Healthy + Acinar_Tumor + ADM_Healthy + Duct_Healthy + Duct_Tumor + Glandular_Tumor_Tumor + PanIN_Healthy + PanIN_Tumor)/8,segment_filtered,top_genes_limma_trend_GeoDiff_PoorlyDiffTumor_Tumor_-_A_01584225,10,10,0,^Panck$,Panck,Contrast 09: PoorlyDiffTumor_Tumor vs NonPoorlyDiffTumor_Tumor,Healthy,cell_type,disease_status,<none>,94,C:/R/gmx/Example_Dataset/Outputs/6_DE_Vis/figures/de/top/segment/top_genes_limma_trend_GeoDiff_PoorlyDiffTumor_Tumor_-_A_01584225.pdf,C:/R/gmx/Example_Dataset/Outputs/6_DE_Vis/figures/de/top/segment/top_genes_limma_trend_GeoDiff_PoorlyDiffTumor_Tumor_-_A_01584225.png,plotted,Segment tab generated from metadata column 'segment'. Generated.
top_genes:PoorlyDiffTumor_Tumor - (Acinar_Healthy + Acinar_Tumor + ADM_Healthy + Duct_Healthy + Duct_Tumor + Glandular_Tumor_Tumor + PanIN_Healthy + PanIN_Tumor)/8:Panck-(Stroma),top_genes,PoorlyDiffTumor_Tumor - (Acinar_Healthy + Acinar_Tumor + ADM_Healthy + Duct_Healthy + Duct_Tumor + Glandular_Tumor_Tumor + PanIN_Healthy + PanIN_Tumor)/8,segment_filtered,top_genes_limma_trend_GeoDiff_PoorlyDiffTumor_Tumor_-_A_01731091,10,10,0,^Panck-\(Stroma\)$,Panck-(Stroma),Contrast 09: PoorlyDiffTumor_Tumor vs NonPoorlyDiffTumor_Tumor,Tumor,cell_type,disease_status,<none>,28,C:/R/gmx/Example_Dataset/Outputs/6_DE_Vis/figures/de/top/segment/top_genes_limma_trend_GeoDiff_PoorlyDiffTumor_Tumor_-_A_01731091.pdf,C:/R/gmx/Example_Dataset/Outputs/6_DE_Vis/figures/de/top/segment/top_genes_limma_trend_GeoDiff_PoorlyDiffTumor_Tumor_-_A_01731091.png,plotted,Segment tab generated from metadata column 'segment'. Generated.
top_genes:PoorlyDiffTumor_Tumor - (Acinar_Healthy + Acinar_Tumor + ADM_Healthy + Duct_Healthy + Duct_Tumor + Glandular_Tumor_Tumor + PanIN_Healthy + PanIN_Tumor)/8:Panck Cd45 Negative,top_genes,PoorlyDiffTumor_Tumor - (Acinar_Healthy + Acinar_Tumor + ADM_Healthy + Duct_Healthy + Duct_Tumor + Glandular_Tumor_Tumor + PanIN_Healthy + PanIN_Tumor)/8,segment_filtered,top_genes_limma_trend_GeoDiff_PoorlyDiffTumor_Tumor_-_A_01812386,10,10,0,^Panck Cd45 Negative$,Panck Cd45 Negative,Contrast 09: PoorlyDiffTumor_Tumor vs NonPoorlyDiffTumor_Tumor,Healthy,cell_type,disease_status,<none>,20,C:/R/gmx/Example_Dataset/Outputs/6_DE_Vis/figures/de/top/segment/top_genes_limma_trend_GeoDiff_PoorlyDiffTumor_Tumor_-_A_01812386.pdf,C:/R/gmx/Example_Dataset/Outputs/6_DE_Vis/figures/de/top/segment/top_genes_limma_trend_GeoDiff_PoorlyDiffTumor_Tumor_-_A_01812386.png,plotted,Segment tab generated from metadata column 'segment'. Generated.
top_genes:PoorlyDiffTumor_Tumor - (Acinar_Healthy + Acinar_Tumor + ADM_Healthy + Duct_Healthy + Duct_Tumor + Glandular_Tumor_Tumor + PanIN_Healthy + PanIN_Tumor)/8:Panck+(Epi),top_genes,PoorlyDiffTumor_Tumor - (Acinar_Healthy + Acinar_Tumor + ADM_Healthy + Duct_Healthy + Duct_Tumor + Glandular_Tumor_Tumor + PanIN_Healthy + PanIN_Tumor)/8,segment_filtered,top_genes_limma_trend_GeoDiff_PoorlyDiffTumor_Tumor_-_A_01663264,10,10,0,^Panck\+\(Epi\)$,Panck+(Epi),Contrast 09: PoorlyDiffTumor_Tumor vs NonPoorlyDiffTumor_Tumor,Tumor,cell_type,disease_status,<none>,68,C:/R/gmx/Example_Dataset/Outputs/6_DE_Vis/figures/de/top/segment/top_genes_limma_trend_GeoDiff_PoorlyDiffTumor_Tumor_-_A_01663264.pdf,C:/R/gmx/Example_Dataset/Outputs/6_DE_Vis/figures/de/top/segment/top_genes_limma_trend_GeoDiff_PoorlyDiffTumor_Tumor_-_A_01663264.png,plotted,Segment tab generated from metadata column 'segment'. Generated.
top_genes:PoorlyDiffTumor_Tumor - (Acinar_Healthy + Acinar_Tumor + ADM_Healthy + Duct_Healthy + Duct_Tumor + Glandular_Tumor_Tumor + PanIN_Healthy + PanIN_Tumor)/8:Panck+(Epithelial),top_genes,PoorlyDiffTumor_Tumor - (Acinar_Healthy + Acinar_Tumor + ADM_Healthy + Duct_Healthy + Duct_Tumor + Glandular_Tumor_Tumor + PanIN_Healthy + PanIN_Tumor)/8,segment_filtered,top_genes_limma_trend_GeoDiff_PoorlyDiffTumor_Tumor_-_A_01809839,10,10,0,^Panck\+\(Epithelial\)$,Panck+(Epithelial),Contrast 09: PoorlyDiffTumor_Tumor vs NonPoorlyDiffTumor_Tumor,Tumor,cell_type,disease_status,<none>,66,C:/R/gmx/Example_Dataset/Outputs/6_DE_Vis/figures/de/top/segment/top_genes_limma_trend_GeoDiff_PoorlyDiffTumor_Tumor_-_A_01809839.pdf,C:/R/gmx/Example_Dataset/Outputs/6_DE_Vis/figures/de/top/segment/top_genes_limma_trend_GeoDiff_PoorlyDiffTumor_Tumor_-_A_01809839.png,plotted,Segment tab generated from metadata column 'segment'. Generated.
